S.No,Name,Age,Sex,Type,Age_onset,Duration_months,GAD_65 ,IAA,IA_2,TMA,tTG,ZnT8,DKA,Complications,C_Peptide,HBA1C,BMI,Weakness,Weight_loss,Osmotic_symptoms,FH_T1D,FH_T2D,comorbidities,Genotype,DR DQ
1,Ashmita Rikhiraj ,13,F,NO,13,3,1,1,0,1,0,0,0,0,0.2,7.8,18,0,1,1,0,0,0,DR3- DQ2,"DRB1*03, DRB3, DQB1*02"
2,Anita Rani,39,F,LS,19,240,1,1,0,0,0,0,1,1,0.18,6.9,21.9,0,1,1,0,0,0,DR3- DQ2,"DRB1*03, DRB3, DQB1*02"
3,Anmolpreet Singh,16,M,NO,16,3,0,0,0,0,0,0,1,0,0.32,8.1,18,0,1,1,0,0,0,DR3- DQ2,"DRB1*03, DRB3, DQB1*02"
4,Sukhjit Kaur,21,F,LS,19,24,1,1,0,1,1,0,0,1,0.2,9.6,19.4,1,1,1,0,0,1,"DR3- DQ2, DR4- DQ3","DRB1*03, DRB1*04, DRB3, DRB4, DQB1*02, DQB1*03"
5,Gurmeet Singh ,17,M,NO,17,4,1,0,0,0,0,0,0,0,0.597,8.9,,0,0,1,0,0,0,"DR3- DQ2, DR4- DQ3","DRB1*03, DRB1*04, DRB3, DRB4, DQB1*02, DQB1*03"
6,Abhijay  Ahujha,9,M,NO,9,6,0,1,1,0,0,0,1,0,0.01,7.4,16.6,0,1,1,0,0,0,"DR3- DQ2, DR4- DQ3","DRB1*03, DRB1*04, DRB3, DRB4, DQB1*02, DQB1*03"
7,Ranjot ,19,M,LS,17,24,1,1,1,1,1,1,0,1,0.4,7.6,15.6,0,1,1,0,0,1,"DR3- DQ2, DR4- DQ3","DRB1*03, DRB1*04, DRB3, DRB4, DQB1*02, DQB1*03"
8,Gagandeep ,33,F,LS,20,156,0,1,1,0,1,0,0,1,0.2,6.8,22.3,0,1,1,0,0,1,DR3- DQ2,"DRB1*03, DRB3, DQB1*02"
9,Sumit Malhotra,23,M,LS,23,6,1,0,0,0,0,1,1,1,0.26,9.2,21,0,0,1,1,1,0,DR3- DQ2,"DRBI*03, DRB3, DQB1*02"
10,Rishika,11,F,LS,10,12,0,1,0,0,0,0,0,0,0.78,7.4,18.3,0,1,1,0,1,0,DR3- DQ2,"DRB1*03, DRB3, DQB1*02"
11,Abhishek,10,M,NO,10,2,1,1,0,0,0,0,1,0,0.55,7.1,17.3,0,0,1,0,0,0,DR3- DQ2,"DRB1*03, DRB3, DQB1*02"
12,Inderbir,14,M,LS,10,48,1,1,1,0,0,0,1,0,0.5,8.6,17.4,0,0,1,0,1,0,DR3- DQ2 + PG,"DRB1*03, DRB1*11, DRB3, DQB1*02"
13,Gurjeet,18,M,LS,11,84,0,1,0,1,0,0,1,0,0.26,6.9,20,0,1,1,0,0,0,DR3- DQ2 + PG,"DRB1*03, DRB1*08, DRB3, DQB1*02, DQB1*04"
14,Mohit Kumar,23,M,LS,13,120,0,0,0,0,0,1,1,0,0.34,5.4,17,1,1,1,0,0,0,DR3- DQ2,"DRB1*03, DRB3, DQB1*02"
15,Gurjeet Kaur,30,F,LS,13,204,1,1,1,1,1,0,0,1,0.43,6.5,19.5,1,1,1,0,0,1,DR3- DQ2,"DRB1*03, DRB3, DQB1*02"
16,Chelsi,5,F,LS,2,36,0,1,0,1,0,0,1,0,0.45,6.1,18.7,0,1,1,0,1,0,"DR3- DQ2, DR4- DQ3","DRB1*03, DRB1*04, DRB3,DRB4, DQB1*02, DQB1*03"
17,Harman,4,M,NO,4,0.3,1,1,1,0,0,0,0,0,0.2,9.8,14.6,0,0,1,0,0,0,DR3- DQ2 + PG,"DRB1*03, DRB1*01, DRB3, DQB1*05, DQB1*02"
18,Manpreet,12,F,NO,12,1,1,0,1,0,0,0,1,1,0.27,6.2,18.4,1,1,1,0,0,0,DR3- DQ2 + PG,"DRB1*03, DRB1*15, DRB3, DRB5, DQB1*02, DQB1*05"
19,Lakshya,8,M,NO,8,2,1,1,0,0,1,0,1,0,0.24,12.3,15.8,0,0,1,0,0,1,"DR3- DQ2, DR4- DQ3","DRB1*03, DRB1*04, DRB3, DRB4, DQB1*02, DQB1*03"
20,Gurshan,4,M,NO,4,1,0,1,1,0,0,1,0,0,0.35,8.5,14.6,0,0,1,0,0,0,"DR3- DQ2, DR4- DQ3","DRB1*03, DRB1*04, DRB3, DRB4, DQB1*02, DQB1*03"
21,Neelam Arora,5,F,LS,3,24,1,1,0,0,0,0,1,0,0.3,13.6,16.4,1,1,1,0,0,0,"DR3- DQ2, DR4- DQ3","DRB1*03, DRB1*04, DRB3, DRB4, DQB1*02, DQB1*03"
22,Bilal,12,M,NO,12,1,1,0,0,0,0,0,0,0,0.1,13,14.2,0,1,1,0,1,0,DR3- DQ2 + PG,"DRB1*03, DRB1*07, DRB3, DRB4, DQB1*02, DQB1*03"
23,Parveen,7,F,NO,7,0.3,1,0,0,0,0,0,1,0,0.4,17,16.6,0,0,1,0,0,0,DR3- DQ2,"DRB1*03, DRB3, DQB1*02"
24,Amit Kumar,10,M,NO,10,0.23,0,1,0,0,0,0,1,0,0.1,10.4,19.4,0,0,1,0,0,0,DR3- DQ2 + PG,"DRB1*03, DRB1*15, DRB3, DRB5, DQB1*02, DQB1*05"
25,Gurleen Kaur,8,F,NO,8,2,1,1,1,0,0,1,0,0,0.43,9,18.4,1,0,1,0,1,0,DR3- DQ2,"DRB1*03, DRB3, DQB1*02"
26,Harpreet Singh,21,M,LS,8,156,0,1,0,0,0,0,1,0,0.54,12.2,16.6,0,0,1,0,0,0,DR3- DQ2,"DRB1*03, DRB3 ,DQB1*02"
27,Aryan,8,M,NO,8,6,1,1,1,0,0,1,0,0,0.3,11.3,15.2,0,1,1,0,0,0,DR3- DQ2 + PG,"DRB1*03,DRB1*14,DRB3, DQB1*02, DQB1*05"
28,Anil Kumar,21,M,LS,13,96,0,0,0,0,1,0,1,1,0.2,10,23.3,0,0,1,0,0,1,"DR3- DQ2, DR4- DQ3","DRB1*03, DRB1*04, DRB3,DRB4, DQB1*02"
29,Anita Rani,21,F,NO,20,12,1,1,1,0,0,1,1,0,0.4,9.6,18,0,0,1,0,0,0,"DR3- DQ2, DR4- DQ3","DRB1*03, DRB1*04, DRB3, DRB4, DQB1*02, DQB1*03"
30,Kulwinder Singh,15,M,LS,10,60,0,1,0,0,0,0,0,0,0.4,10.6,20,0,0,1,0,0,1,DR3- DQ2,"DRB1*03, DRB3, DQB1*02"
31,Jasbir Singh,13,M,NO,13,1,0,1,1,0,0,0,1,0,0.12,7.8,19,0,1,1,0,0,0,DR3- DQ2,"DRB1*03, DRB3, DQB1*02"
32,Sukhwinder Sinfg,13,M,NO,13,1,1,0,1,0,0,1,1,1,0.23,14,23.3,0,1,1,0,1,0,PGs,"DRB1*01, DRB1*09, DRB4, DQB1*03, DQB1*05"
33,Mehak Bajaj,10,F,NO,10,6,1,1,1,0,0,0,1,,0.3,9.4,14.6,1,1,1,0,1,0,DR3- DQ2,"DRB1*03, DRB3, DQB1*02"
34,Kavita Sood,21,F,LS,19,24,0,1,1,0,0,0,1,0,0.162,6.4,16.3,1,1,1,0,1,0,"DR3- DQ2, DR4- DQ3","DRB1*04, DRB1*03, DRB3, DRB4, DQB1*02,DQB1*06"
35,Leher,13,F,NO,13,0.5,1,1,1,1,0,1,1,0,0.13,13,16,0,0,1,0,1,0,DR4-DQ3,"DRB1*04, DRB4, DQB1*03"
36,Simranjit Singh,9,M,NO,9,0.3,0,0,0,0,0,0,0,0,0.45,20.6,15.1,0,0,1,0,0,0,DR3- DQ2,"DRB1*03, DRB3, DQB1*02"
37,Harsh ,7,M,NO,7,0.5,1,1,0,0,0,0,1,0,0.35,8.6,16,0,1,1,0,1,0,DR3- DQ2 + PG,"DRB1*03, DRB1*14, DRB3, DQB1*02, DQB1*05"
38,Reena,16,F,NO,17,1,1,0,0,1,0,1,1,0,0.3,15.1,20.3,1,1,1,0,0,1,DR3- DQ2,"DRB1*03, DRB3, DQB1*02"
39,Inderpreet,17,F,LS,10,84,0,0,0,0,1,0,0,1,0.1,10,21,0,1,1,0,0,1,"DR3- DQ2, DR4- DQ3","DRB1*03, DRB1*04, DRB3, DRB4, DQB1*02, DQB1*03"
40,Baljinder Kaur,28,F ,LS,23,60,0,1,0,1,0,0,1,0,0.4,8,24,0,1,1,0,0,0,DR4-DQ3 + PG,"DRB1*01, DRB1*04, DRB4, DQB1*02, DQB1*03"
41,Diljot Singh,9,M,NO,9,0.5,1,1,0,1,1,0,0,0,0.385,13,15.6,0,0,1,0,0,1,DR3- DQ2,"DRB1*03, DRB3, DQB1*02"
42,Gurjot Singh ,11,M,NO,11,0.16,0,1,0,1,0,0,0,1,0.28,18.2,19.3,0,1,1,0,0,0,DR3- DQ2,"DRB1*03, DRB3, DQB1*02"
43,Amar,10,M,NO,10,0.36,0,1,0,0,0,1,1,0,0.131,13.3,14.7,0,1,1,0,0,0,DR3- DQ2,"DRB1*03, DRB3, DQB1*02"
44,Harwinder Singh,16,M,LS,12,48,0,1,0,0,1,0,1,1,0.25,10.3,16.6,0,1,1,0,0,1,DR3- DQ2 + PG,"DRB1*03, DRB1*16, DRB3, DRB5, DQB1*02, DQB1*05"
45,Shubham Saini,15,M,NO,15,0.23,1,1,0,0,0,0,0,0,0.37,8.2,18,0,0,1,0,0,0,"DR3- DQ2, DR4- DQ3","DRB1*03, DRB1*11, DRB3, DRB4, DQB1*02, DQB1*03"
46,Jasjit Singh,15,M ,NO,15,2,0,0,0,0,0,0,0,0,0.23,10,18.1,0,0,1,0,0,0,DR3- DQ2 + PG,"DRB1*03, DRB1*11, DRB3, DRB4, DQB1*02, DQB1*03"
47,Preeti,19,F,LS,10,108,1,1,0,1,1,0,1,0,0.2,7.5,25.3,0,0,1,0,0,1,DR3- DQ2 + PG,"DRB1*03, DRB1*13, DRB3, DQB1*02, DQB1*06"
48,Harpreet Kaur,24,F,NO,24,2,1,1,1,1,0,0,0,0,0.3,11.9,21.2,0,0,1,0,1,0,DR3- DQ2,"DRB1*03, DRB3, DQB1*02"
49,Hardeep Singh,13,M,LS,10,36,1,1,1,0,0,0,0,0,0.1,9.7,20.5,0,0,1,0,0,0,DR3- DQ2,"DRB1*03, DRB3, DQB1*02"
50,Shalini ,14,F,LS,8,72,0,0,1,0,1,0,1,0,0.15,11.7,17,0,1,1,0,0,1,DR3- DQ2 + PG,"DRB1*03, DRB1*14, DRB3, DQB1*02, DQB1*05"
51,Shalini ,45,F,LS,17,336,1,1,1,0,1,0,0,1,0.19,11.3,21.4,1,1,1,1,0,1,DR3- DQ2,"DRB1*03, DRB3, DQB1*02"
52,Ishmita,10,F,NO,9,8,0,1,0,0,0,0,0,1,0.14,7.5,15.1,0,1,1,0,0,0,DR3- DQ2 + PG,"DRB1*03, DRB1*07, DRB3, DRB4, DQB1*02"
53,Inderpreet Kaur,20,F,LS,10,120,0,1,0,1,0,0,0,1,0.2,11.9,22.8,0,1,1,1,0,0,DR3- DQ2,"DRB1*03, DRB3, DQB1*02"
54,Jaspreet Kaur,19,F,LS,11,96,0,1,0,0,0,0,1,1,0.3,6.9,22.3,1,1,1,1,0,0,"DR3- DQ2, DR4- DQ3","DRB1*03, DRB1*04, DRB3,DRB4, DQB1*02, DQB1*03"
55,Satwinder Kaur,20,M,LS,13,84,0,0,0,0,0,0,0,1,0.23,13.6,18.3,0,1,1,0,1,0,DR3- DQ2,"DRB1*03,  DRB3, DQB1*02"
56,Pooja,23,F,NO,23,2,0,1,0,0,0,0,0,0,0.23,8.9,17,1,1,1,0,0,0,DR3- DQ2 + PG,"DRB1*03, DRB1*07, DRB3, DRB4, DQB1*02, DQB1*06"
57,Diksha gill,14,F,NO,14,6,1,1,0,0,1,0,1,0,0.4,16.4,20.5,1,1,1,0,0,1,DR3- DQ2 + PG,"DRB1*03 DRB1*15, DRB3, DRB5, DQB1*02"
58,Kunal ,14,M,NO,14,8,0,1,1,0,0,1,1,0,0.16,15.6,19,0,0,1,0,1,0,DR3- DQ2 + PG,"DRB1*03, DRB1*10, DRB3, DQB1*02, DQB1*05"
59,Nitin ,19,M,LS,4,180,1,1,0,0,0,0,1,0,0.35,9.4,19.1,0,0,1,0,0,0,DR4-DQ3 + PG,"DRB1*11, DRB1*04, DRB3, DRB4, DQB1*02, DQB1*03"
60,Khushboo Pal ,25,F,LS,14,132,1,0,1,0,1,0,0,1,0.21,6.8,33.1,1,0,1,0,1,1,DR4-DQ3 + PG,"DRB1*04, DRB1*08, DRB4, DQB1*02, DQB1*03"
61,Kanika,19,F,LS,17,24,1,1,0,0,0,0,1,0,0.14,16.3,20,0,1,1,0,0,1,DR3- DQ2 + PG,"DRB1*03, DRB1*15, DQB1*02, DRB3,DRB5, DQB1*06"
62,Aikam Singh,11,M,LS,6,60,1,1,1,1,1,0,0,1,0.12,12,15.2,0,0,1,0,0,1,DR3- DQ2 + PG,"DRB1*03, DRB1*11, DRB3, DQB1*02, DQB1*03"
63,Shamak ,27,M,LS,17,120,1,1,0,1,0,0,0,1,0.32,12.3,17.6,0,1,1,0,0,0,DR3- DQ2,"DRB1*03, DRB3, DQB1*02"
64,Sahil Kumar,18,M,NO,18,1,1,1,0,1,0,0,1,0,0.17,5.7,20.8,1,1,1,0,0,1,DR4-DQ3 + PG,"DRB1*04, DRB1*07, DRB4, DQB1*02, DQB1*03"
65,Lata Arora,32,F,LS,14,216,1,1,1,1,0,0,1,1,0.1,10.5,23.3,0,1,1,0,0,0,DR3- DQ2,"DRB1*03, DRB3 ,DQB1*02"
66,Puneet Arora,32,M,LS,7,300,0,1,0,1,0,0,0,1,0.2,8.5,21,0,0,1,0,0,0,"DR3- DQ2, DR4- DQ3","DRB1*03, DRB1*04, DRB3, DRB4, DQB1*02,  DQB1*03"
67,Hardeep Kaur,26,F,LS,6,240,0,1,0,0,0,0,1,1,0.2,12.7,21.4,1,0,1,1,1,0,DR3- DQ2,"DRB1*03, DRB3 ,DQB1*02"
68,Deepak,26,M,LS,23,36,1,1,0,1,0,0,1,0,0.12,12.5,19.9,0,0,1,0,1,0,DR3- DQ2,"DRB1*03, DRB3 ,DQB1*02"
69,Mohit  ,11,F,NO,11,0.23,0,1,1,1,1,1,1,0,0.16,13.1,14.4,0,1,1,0,1,1,DR3- DQ2,"DRB1*03, DRB3 ,DQB1*02"
70,Kiranpreet,12,F,NO,12,2,1,0,0,1,1,1,1,0,0.1,8.8,18.1,1,1,1,0,0,1,DR3- DQ2,"DRB1*03, DRB3 ,DQB1*02"
71,Nisha,23,F,NO,22,12,0,1,0,0,1,0,1,1,0.3,9.8,19.9,1,1,1,0,0,1,DR3- DQ2,"DRB1*03, DRB3 ,DQB1*02"
72,Sangeeta Sharma,43,F,LS,17,312,1,0,0,1,0,0,0,1,0.15,10.6,22.5,0,1,1,0,0,1,DR3- DQ2 + PG,"DRB1*03, DRB1*07, DRB3, DRB4, DQB1*02"
73,Avneet,8,F,NO,8,1,1,0,1,0,0,0,1,0,0.2,14.9,20,1,1,1,0,1,0,"DR3- DQ2, DR4- DQ3","DRB1*03, DRB1*04, DRB3, DRB4, DQB1*02, DQB1*03"
74,Harsh Dhimani,7,M,NO,7,0.5,1,0,1,0,0,0,1,0,0.21,13.6,13.5,0,1,1,0,0,0,DR3- DQ2,"DRB1*03, DRB3, DQB1*02"
75,Amrik,7,M,NO,7,0.23,1,1,0,0,0,0,1,0,0.2,16.7,15.7,0,1,1,0,0,0,DR3- DQ2,"DRB1*03, DRB3, DQB1*02"
76,Chandan,,,NO,10,0.5,1,0,0,0,0,0,1,0,0.2,10.8,13.2,0,0,1,0,0,0,DR3- DQ2 + PG,"DRB1*03, DRB1*15, DRB3, DRB5, DQB1*02, DQB1*06"
77,Nancy Gupata,15,F,LS,9,72,1,0,1,0,1,0,0,0,0.47,13.4,17.2,0,1,1,0,0,1,DR3- DQ2 + PG,"DRB1*03, DRB1*13, DRB3, DQB1*02, DQB1*03"
78,Abhay,3,M,NO,3,0.33,1,0,0,0,0,0,0,0,0.2,7.4,15.1,0,0,1,0,0,0,"DR3- DQ2, DR4- DQ3","DRB1*03, DBR1*04, DRB3, DRB4, DQB1*02, DQB1*03"
79,Irish,5,M,NO,5,0.23,1,1,0,0,0,0,1,0,0.3,14.8,15.2,1,1,1,0,1,0,DR3- DQ2,"DRB1*03, DRB3, DQB1*02"
80,Harminder Kaur,23,F,LS,22,12,1,1,1,1,0,0,1,1,0.16,6.8,23.1,1,0,1,0,0,0,DR3- DQ2,"DRB1*03, DRB3, DQB1*02"
81,Baljinder Kaur,19,F,LS,17,24,1,1,1,1,0,1,1,0,0.2,9.5,23.4,0,0,1,0,0,0,"DR3- DQ2, DR4- DQ3","DRB1*03, DRB1*04, DRB3, DRB4, DQB1*02, DQB1*03"
82,Shyam Singh,16,M,LS,8,96,1,1,0,1,0,0,0,1,0.3,8.2,22.3,0,1,1,0,0,0,DR4-DQ3 + PG,"DRB1*04, DRB1*07, DRB4, DQB1*02, DQB1*03"
83,Neha Sharma,12,F,LS,6,72,1,1,1,1,1,1,1,1,0.12,13.3,17.8,1,1,1,0,0,1,DR3- DQ2 + PG,"DRB1*03, DRB1*08, DRB3, DQB1*02, DQB1*04"
84,Ravnit Kaur,19,F,LS,14,60,1,0,0,0,0,1,0,0,0.2,7.6,22.9,1,1,1,0,0,0,"DR3- DQ2, DR4- DQ3","DRB1*03, DRB1*04, DRB3, DRB4, DQB1*02, DQB1*03"
85,Baljit Singh,13,M,NO,13,0.5,0,1,0,0,0,0,1,0,0.23,12.9,15.7,0,0,1,0,0,0,DR3- DQ2,"DRB1*03, DRB3, DQB1*02"
86,Kusum Devi,15,F,NO,15,3,1,1,1,0,1,0,1,0,0.4,7.5,19.4,1,1,1,0,0,1,DR3- DQ2 + PG,"DRB1*03, DRB1*15, DRB3, DRB5, DQB1*02, DQB1*06"
87,Karampreet Singh,9,M,NO,9,3,0,1,0,0,1,1,1,1,0.11,6.9,15,1,1,1,0,0,1,"DR3- DQ2, DR4- DQ3","DRB1*03, DRB1*04, DRB3, DRB4, DQB1*02, DQB1*03"
88,Manpreet ,20,M,LS,14,72,0,0,1,0,0,0,1,0,0.12,4.4,15,0,1,1,0,0,0,DR4-DQ3 + PG,"DRB1*15, DRB1*04, DRB4, DRB5, DQB1*05"
89,Priya ,14,F,NO,13,1,1,1,0,0,0,0,1,1,0.14,13.4,17.3,1,1,1,0,1,1,DR3- DQ2 + PG,"DRB1*03, DRB1*15, DRB3, DRB5, DQB1*05, DQB1*02"
90,Rinki ,18,F,NO,18,8,0,1,0,0,1,0,1,0,0.25,14.1,21.6,1,1,1,0,1,1,DR3- DQ2 + PG,"DRB1*03, DRB1*15, DRB3, DRB5, DQB1*02, DQB1*06"
91,Habib Khan ,28,M,LS,10,216,1,1,0,0,0,0,0,1,0.24,9,18.4,1,1,1,1,0,0,DR4-DQ3 + PG,"DRB1*04, DRB1*13, DRB3, DRB4, DQB1*02, DQB1*03"
92,Shabhnam,5,F,NO,5,0.3,1,1,0,0,0,0,1,0,0.26,13.2,14.1,0,1,1,0,0,0,PGs,"DRB1*14, DRB1*15, DRB3, DQB1*02, DQB1*05"
93,Ankush,4,M,NO,4,0.3,1,0,0,0,0,1,0,0,0.4,8.2,12.6,0,0,1,0,0,0,DR3- DQ2 + PG,"DRB1*03, DRB1*14, DRB3,DQB1*02, DQB1*05"
94,Karanbeer,14,M,NO,14,6,1,0,0,1,1,0,0,0,0.57,14.6,16.5,1,1,1,0,1,1,"DR3- DQ2, DR4- DQ3","DRB1*03, DRB1*04, DRB3, DRB4, DQB1*02, DQB1*03"
95,Surinder Kaur,16,F,LS,12,48,0,0,0,0,0,0,1,0,0.28,9.3,19.9,0,1,1,0,0,0,DR3- DQ2,"DRB1*03, DRB3, DQB1*02"
96,Onkar Singh,32,M,LS,24,96,0,1,0,0,0,1,1,1,0.3,10.5,20.2,1,1,1,0,0,0,DR3- DQ2,"DRB1*03, DRB3, DQB1*02"
97,Jigyasa,13,F,LS,10,36,1,1,0,0,0,0,1,0,0.3,10.4,21.7,1,1,1,0,0,0,DR4-DQ3,"DRB1*04, DRB4, DQB1*03"
98,Simranjeet Kaur,14,F,LS,13,12,1,0,0,0,0,0,1,0,0.23,11.2,16,0,1,1,0,0,1,"DR3- DQ2, DR4- DQ3","DRB1*03, DRB1*04, DRB3, DRB4, DQB1*02, DQB1*03"
99,Dheeraj kumari,18,F,LS,15,36,1,0,0,0,1,0,1,0,0.32,13.9,18.7,1,1,1,0,0,1,DR3- DQ2,"DRB1*03, DRB3, DQB1*02"
100,Parvinder Singh,27,M,LS,12,180,1,0,0,0,0,0,0,1,0.16,10.8,16.4,1,1,1,0,0,0,DR3- DQ2,"DRB1*03, DRB3, DQB1*02"
101,Kajal,15,F,LS,14,12,1,1,0,1,1,1,0,1,0.32,7.2,17.3,1,0,1,0,0,1,DR3- DQ2,"DRB1*03, DRB3, DQB1*02"
102,Jannis Singla,11,M,NO,11,6,1,0,1,0,0,1,0,0,0.5,8.9,16.9,0,1,1,0,0,0,DR3- DQ2,"DRB1*03, DRB3, DQB1*02"
103,Srishty,9,F,NO,9,0.23,1,0,1,0,0,0,1,0,0.178,8.6,13.4,0,0,1,0,0,0,DR3- DQ2,"DRB1*03, DRB3, DQB1*02"
104,Aryan Saini,8,M,NO,8,0.3,1,0,1,0,0,1,1,0,0.32,14.6,15.1,0,1,1,0,0,0,"DR3- DQ2, DR4- DQ3","DRB1*03, DRB1*04, DRB3, DRB4, DQB1*02, DQB1*03"
105,Reetilka Sharma,18,F,NO,18,6,0,0,1,0,0,0,0,0,0.26,9.5,16.4,1,1,1,0,1,0,PGs,"DRB1*09, DRB1*15, DRB4, DRB5, DQB1*05"
106,Jatin gautam,13,M,NO,13,1,1,1,1,0,0,0,1,0,0.4,18.8,19.3,0,1,1,0,0,0,DR3- DQ2,"DRB1*03, DRB3, DQB1*02"
107,Gurpal Singh,19,M,LS,9,120,1,0,1,1,0,0,0,0,0.18,9.13,16.7,0,0,1,0,0,1,DR3- DQ2,"DRB1*03, DRB3, DQB1*02"
108,Sunita Kashyap,18,F,LS,13,60,0,0,1,0,1,0,0,0,0.3,6.8,18.4,1,1,1,0,1,1,PGs,"DRB1*09, DRB1*15, DRB4, DQB1*05"
109,Gurkirat Singh ,10,M,LS,6,48,0,1,1,0,0,0,1,1,0.2,6,13,0,1,1,0,0,0,"DR3- DQ2, DR4- DQ3","DRB1*03, DRB1*04, DRB3, DRB4, DQB1*02, DQB1*03"
110,Gursharan Kaur,3,F,NO,3,0.33,1,0,0,0,1,0,1,0,0.13,13.1,68,0,0,1,0,0,1,"DR3- DQ2, DR4- DQ3","DRB1*03, DRB1*04, DRB3, DRB4, DQB1*02, DQB1*03"
111,Rishabh Bhasin ,14,M,NO,11,36,0,1,0,0,0,0,1,0,0.4,17.3,17.5,0,1,1,0,1,0,DR3- DQ2 + PG,"DRB1*03, DRB1*13, DRB3, DQB1*02, DQB1*06"
112,Sonia,16,F,LS,11,60,1,0,0,0,1,0,0,0,0.15,9.8,15.3,1,1,1,0,1,1,DR3- DQ2 + PG,"DRB1*03, DRB1*09, DRB3, DRB4, DQB1*02"
113,Khushraj,5,M,NO,5,0.167,1,0,1,0,0,0,0,0,0.3,13.7,15.5,0,1,1,0,1,0,"DR3- DQ2, DR4- DQ3","DRB1*03, DRB1*04, DRB3, DRB4, DQB1*2, DQB1*03"
114,Rajni Bala,17,F,NO,17,6,0,0,1,0,0,0,1,0,0.3,8.3,20,1,1,1,0,0,0,DR4-DQ3 + PG,"DRB1*04, DRB1*11, DRB3, DRB4, DQB1*03"
115,Harpreet Singh,20,M,LS,17,36,1,0,0,0,1,0,1,0,0.38,11.9,19.1,0,1,1,0,0,1,"DR3- DQ2, DR4- DQ3","DRB1*03, DRB1*04 DRB3, DRB4, DQB1*02, DQB1*03"
,,,,,,,,,,,,,,,0.127519286,,,,,,,,,,
